gene_symbol,program
VEGFA,angiogenesis
FLT1,angiogenesis
KDR,angiogenesis
PGF,angiogenesis
ANGPT2,angiogenesis
TEK,angiogenesis
HIF1A,hypoxia_response
EPAS1,hypoxia_response
CA9,hypoxia_response
EGLN3,hypoxia_response
SLC2A1,hypoxia_response
KRT7,trophoblast_identity
CGA,trophoblast_identity
CGB,trophoblast_identity
ERVW1,trophoblast_identity
TP63,trophoblast_identity
IL6,immune_signaling
CXCL8,immune_signaling
CCL2,immune_signaling
TNF,immune_signaling
PECAM1,endothelial
VWF,endothelial
CDH5,endothelial
EGFL7,endothelial
HK2,metabolism
LDHA,metabolism
SLC2A3,metabolism
PFKP,metabolism
