cell_class,compartment,gene_symbol
villous_cytotrophoblast,fetal,KRT7
villous_cytotrophoblast,fetal,TP63
villous_cytotrophoblast,fetal,CDH1
syncytiotrophoblast,fetal,CGB
syncytiotrophoblast,fetal,CGA
syncytiotrophoblast,fetal,ERVW1
syncytiotrophoblast,fetal,PSG1
extravillous_trophoblast,fetal,HLAG
extravillous_trophoblast,fetal,ITGA1
extravillous_trophoblast,fetal,MMP2
decidual_nk_cell,maternal,NCAM1
decidual_nk_cell,maternal,KLRD1
decidual_nk_cell,maternal,XCL1
decidual_nk_cell,maternal,KIT
decidual_macrophage,maternal,CD68
decidual_macrophage,maternal,LST1
decidual_macrophage,maternal,MRC1
decidual_stromal_cell,maternal,DCN
decidual_stromal_cell,maternal,COL1A1
decidual_stromal_cell,maternal,LUM
endothelial_cell,maternal,PECAM1
endothelial_cell,maternal,VWF
endothelial_cell,maternal,CDH5
endothelial_cell,maternal,CLDN5
t_cell,maternal,CD3D
t_cell,maternal,CD3E
t_cell,maternal,TRAC
perivascular_cell,maternal,RGS5
perivascular_cell,maternal,MCAM
perivascular_cell,maternal,PDGFRB
villous_cytotrophoblast,fetal,MKI67
extravillous_trophoblast,fetal,CEACAM1
decidual_macrophage,maternal,CD14
decidual_stromal_cell,maternal,COL3A1
t_cell,maternal,CD2
perivascular_cell,maternal,NOTCH3
